group,label,status,runtime_seconds,contact_time_ms,max_deflection_mm,energy_ratio,restitution,final_dt_ms,dr_mm,error
resolution,N25,ok,10.828999996185303,3.335,0.6013723365,0.32744672552983095,0.5722296090992067,0.04,0.09519999999999999,""
resolution,N50,ok,3.7160000801086426,3.44875,0.6323907258,0.35008208293957416,0.5916773469886896,0.02,0.047599999999999996,""
resolution,N75,failed,0.4100000858306885,NaN,NaN,NaN,NaN,NaN,NaN,"DomainError with -2.220446049250313e-16:
sqrt was called with a negative real argument but will only return a complex result if called with a complex argument. Try sqrt(Complex(x))."
resolution,N100,ok,13.36899995803833,3.4796875,0.6473796712,0.3599474711522189,0.5999562243632605,0.01,0.023799999999999998,""
velocity,v0.10,ok,2.680000066757202,3.87,0.1171186412,0.3230213518638591,0.5683496739366172,0.02,0.047599999999999996,""
velocity,v0.30,ok,2.815000057220459,3.5375,0.3144637608,0.3557832239160079,0.5964756691735279,0.02,0.047599999999999996,""
velocity,v1.00,ok,3.9749999046325684,3.369375,0.9702123045,0.333084807054828,0.5771349989862233,0.02,0.047599999999999996,""
velocity,v2.00,ok,8.670000076293945,3.309765625,1.8780598147,0.3112175621924052,0.5578687678947489,0.02,0.047599999999999996,""
tension,T25,ok,4.661999940872192,7.06875,1.2898648243,0.30322193126844504,0.5506559100458698,0.019999999999999997,0.047599999999999996,""
tension,T50,ok,4.858999967575073,4.99875,0.9197748276,0.33029590363152883,0.5747137579974303,0.02,0.047599999999999996,""
tension,T200,ok,3.437999963760376,2.51875,0.461244087,0.3576012652121996,0.597997713383755,0.02,0.047599999999999996,""
tension,T500,ok,2.0400002002716064,1.61875,0.2940861883,0.3689188704525603,0.6073869198892583,0.02,0.047599999999999996,""
mass,mass0.25x,ok,3.2810001373291016,1.64875,0.2900693823,0.3113924827454434,0.5580255215896881,0.02,0.047599999999999996,""
mass,mass4x,ok,7.464000225067139,8.23875,1.3953673805,0.8376307975911582,0.9152217204542068,0.02,0.047599999999999996,""
radius,r1.0,ok,18.805000066757202,3.314609375,0.1612043006,14.314947076650137,3.7835098885360585,0.00015625,0.02,""
radius,r5.0,ok,3.550999879837036,10.4775,2.088505094,0.902322926523867,0.9499067988617973,0.02,0.1,""
domain,Rf8,ok,1.3980000019073486,3.44375,0.631998614,0.8933471956240845,0.9451704585015787,0.02,0.047599999999999996,""
domain,Rf12,ok,2.5920000076293945,4.09875,0.6323907258,0.6508250531776125,0.8067372888230794,0.02,0.047599999999999996,""
domain,Rf35,ok,7.473999977111816,3.44875,0.6323907258,0.35008208293957416,0.5916773469886896,0.02,0.047599999999999996,""
